TIME,TEMP(C),RH (%)
09:46:27,28.67,78.53
09:46:33,28.67,78.91
09:46:37,28.64,79.19
09:46:42,28.66,79.38
09:46:48,28.69,79.35
09:46:52,28.65,79.44
09:46:57,28.69,79.46
09:47:02,28.67,79.18
09:47:08,28.69,78.99
09:47:13,28.68,78.88
09:47:17,28.68,78.68
09:47:23,28.69,78.64
09:47:27,28.70,78.83
09:47:33,28.69,78.99
09:47:37,28.71,78.95
09:47:43,28.69,78.76
09:47:48,28.71,78.98
09:47:53,28.69,79.64
09:47:58,28.71,79.68
09:48:03,28.72,79.58
09:48:08,28.74,79.47
09:48:13,28.72,79.33
10:02:14,29.26,77.24
10:02:19,29.28,77.18
10:04:01,29.48,77.07
10:04:06,29.50,76.83
10:04:11,29.51,76.72
10:04:16,29.51,76.67
10:04:21,29.50,76.67
10:04:26,29.55,76.75
10:04:31,29.53,76.79
10:04:36,29.52,76.88
10:04:41,29.53,76.70
10:04:46,29.53,76.52
10:04:51,29.52,76.59
10:04:56,29.53,76.65
10:05:01,29.51,76.63
10:05:06,29.50,76.60
10:05:11,29.54,76.61
10:05:16,29.51,76.63
10:05:21,29.51,76.61
10:05:26,29.49,76.66
10:05:31,29.51,76.68
10:05:37,29.50,76.70
10:05:41,29.50,76.72
10:05:46,29.50,76.78
10:05:52,29.49,76.91
10:05:56,29.48,77.26
10:06:01,29.50,77.46
10:06:06,29.48,77.43
10:06:11,29.46,77.41
10:06:16,29.47,77.39
10:06:22,29.46,77.34
10:06:27,29.47,77.31
10:06:31,29.47,77.22
10:06:36,29.43,77.12
10:06:41,29.45,77.05
10:06:47,29.45,77.07
10:06:52,29.44,77.01
10:06:56,29.44,77.01
10:07:02,29.42,77.00
10:07:06,29.42,77.01
10:07:11,29.44,77.04
10:07:17,29.43,77.02
10:07:21,29.42,77.17
10:07:27,29.41,77.16
10:08:58,29.44,77.76
10:09:03,29.44,77.73
10:09:08,29.41,77.77
10:09:13,29.43,77.87
10:09:18,29.41,77.82
10:09:23,29.43,77.79
10:09:28,29.43,77.75
10:09:33,29.42,77.74
10:09:38,29.42,77.62
10:09:43,29.45,77.50
10:09:48,29.43,77.48
10:09:53,29.45,77.55
10:09:58,29.44,77.57
10:10:03,29.44,77.53
10:10:08,29.46,77.41
10:10:13,29.46,77.34
10:10:18,29.45,77.32
10:10:23,29.43,77.44
10:10:28,29.45,77.54
10:10:33,29.44,77.57
10:10:38,29.43,77.57
10:10:43,29.43,77.57
10:10:48,29.44,77.54
10:10:53,29.45,77.52
10:10:58,29.44,77.51
10:11:03,29.44,77.42
10:11:08,29.44,77.40
10:11:13,29.44,77.50
10:11:18,29.45,77.55
10:11:23,29.41,77.50
10:11:28,29.42,77.48
10:11:33,29.41,77.50
10:11:38,29.41,77.47
10:11:43,29.43,77.49
10:11:48,29.41,77.50
10:11:53,29.44,77.49
10:11:58,29.42,77.90
10:12:03,29.43,78.04
10:12:08,29.42,77.72
10:12:13,29.41,77.45
10:12:18,29.42,77.43
10:12:23,29.43,77.49
10:12:28,29.42,77.40
10:12:33,29.42,77.32
10:12:38,29.41,77.26
10:12:43,29.41,77.22
10:12:48,29.41,77.22
10:12:53,29.41,77.26
10:12:58,29.40,77.28
10:13:03,29.41,77.28
10:13:08,29.40,77.29
10:13:13,29.41,77.29
10:13:18,29.39,77.31
10:13:23,29.42,77.37
10:13:28,29.38,77.38
10:13:33,29.38,77.39
10:13:38,29.38,77.38
10:13:43,29.38,77.36
10:13:48,29.38,77.38
10:13:53,29.40,77.43
10:13:58,29.39,77.50
10:14:03,29.38,77.58
10:14:08,29.36,77.59
10:14:13,29.35,77.55
10:14:18,29.34,77.44
10:14:23,29.35,77.35
10:14:28,29.37,77.37
10:14:33,29.34,77.41
10:14:38,29.34,77.49
10:14:43,29.33,77.50
10:14:48,29.36,77.52
10:14:53,29.33,77.51
10:14:58,29.33,77.52
10:15:03,29.34,77.49
10:15:08,29.32,77.47
10:15:14,29.32,77.46
10:15:18,29.33,77.56
10:15:23,29.32,77.68
10:15:28,29.30,77.74
10:15:33,29.31,77.78
10:15:38,29.30,77.77
10:15:43,29.30,77.79
10:15:48,29.30,77.73
10:15:53,29.27,77.68
10:15:58,29.30,77.54
10:16:03,29.29,77.46
10:16:08,29.29,77.39
10:16:13,29.30,77.49
10:16:18,29.29,77.54
10:16:24,29.30,77.49
10:16:28,29.28,77.45
10:16:34,29.29,77.43
10:16:38,29.28,77.40
10:16:44,29.28,77.36
10:16:49,29.26,77.38
10:16:54,29.28,77.39
10:16:59,29.29,77.41
10:17:04,29.27,77.39
10:17:09,29.28,77.42
10:17:14,29.24,77.38
10:17:19,29.24,77.37
10:17:24,29.26,77.38
10:17:28,29.27,77.44
10:17:34,29.25,77.47
10:17:39,29.24,77.54
10:17:44,29.24,77.61
10:17:49,29.24,77.65
10:17:54,29.25,77.67
10:17:59,29.24,77.59
10:18:04,29.25,77.56
10:18:09,29.25,77.52
10:18:14,29.24,77.52
10:18:19,29.24,77.55
10:18:24,29.23,77.56
10:18:29,29.24,77.63
10:18:34,29.22,77.62
10:18:39,29.22,77.71
10:18:44,29.23,77.68
10:18:49,29.24,77.65
10:18:54,29.22,77.66
10:18:59,29.24,77.65
10:19:04,29.21,77.64
10:19:09,29.22,77.67
10:19:14,29.22,77.64
10:19:19,29.22,77.63
10:19:24,29.22,77.63
10:19:29,29.22,77.82
10:19:34,29.23,78.09
10:19:39,29.22,78.36
10:19:44,29.22,78.45
10:19:49,29.21,78.49
10:19:54,29.23,78.42
10:19:59,29.21,78.34
10:20:04,29.21,78.30
10:20:09,29.24,78.26
10:20:14,29.23,78.11
10:20:19,29.23,78.07
10:20:24,29.25,78.08
10:20:29,29.22,78.10
10:20:34,29.22,78.17
10:20:39,29.23,78.16
10:20:44,29.22,78.12
10:20:49,29.24,78.08
10:20:54,29.25,78.03
10:20:59,29.21,77.95
10:21:04,29.23,77.94
10:21:09,29.21,77.93
10:21:14,29.22,77.95
10:21:19,29.22,77.89
10:21:24,29.21,77.83
10:21:29,29.21,77.89
10:21:34,29.20,77.94
10:21:39,29.21,78.00
10:21:44,29.23,78.03
10:21:49,29.20,78.02
10:21:54,29.22,78.01
10:21:59,29.20,78.01
10:22:04,29.20,78.00
10:22:09,29.21,77.97
10:22:14,29.20,77.99
10:22:19,29.21,78.01
10:22:24,29.20,78.05
10:22:29,29.20,78.08
10:22:34,29.19,78.03
10:22:39,29.20,77.93
10:22:44,29.22,77.85
10:22:49,29.20,77.77
10:22:54,29.18,77.73
10:22:59,29.20,77.76
10:23:04,29.20,77.80
10:23:09,29.18,77.87
10:23:14,29.21,77.96
10:23:19,29.18,78.00
10:23:24,29.18,78.10
10:23:29,29.18,78.18
10:23:34,29.20,78.28
10:23:39,29.17,78.33
10:23:44,29.19,78.35
10:23:49,29.18,78.33
10:23:54,29.18,78.33
10:23:59,29.17,78.15
10:24:04,29.18,78.01
10:24:09,29.18,77.90
10:24:14,29.16,77.91
10:24:19,29.20,77.93
10:24:24,29.17,77.99
10:24:29,29.18,78.06
10:24:34,29.15,78.15
10:24:39,29.16,78.15
10:24:44,29.18,78.09
10:24:49,29.14,78.06
10:24:54,29.16,78.08
10:24:59,29.17,78.13
10:25:04,29.15,78.23
10:25:09,29.17,78.37
10:25:14,29.15,78.41
10:25:19,29.17,78.45
10:25:24,29.15,78.51
10:25:30,29.17,78.61
10:25:34,29.16,78.71
10:25:39,29.15,78.86
10:25:45,29.14,78.93
10:25:49,29.15,78.94
10:25:55,29.18,78.93
10:25:59,29.16,78.90
10:26:04,29.18,78.91
10:26:10,29.18,78.93
10:26:15,29.17,78.96
10:26:20,29.16,78.93
10:26:25,29.20,78.88
10:26:30,29.20,78.91
10:26:35,29.18,78.89
10:26:40,29.19,78.93
10:26:45,29.18,78.94
10:26:49,29.19,78.98
10:26:55,29.19,78.96
10:27:00,29.20,78.86
10:27:05,29.21,78.80
10:27:10,29.20,78.78
10:27:15,29.21,78.72
10:27:20,29.20,78.67
10:27:25,29.20,78.61
10:27:30,29.21,78.53
10:27:35,29.20,78.42
10:27:40,29.21,78.27
10:27:45,29.18,78.25
10:27:50,29.21,78.36
10:27:55,29.20,78.38
10:28:00,29.20,78.44
10:28:05,29.21,78.42
10:28:10,29.21,78.45
10:28:15,29.20,78.41
10:28:20,29.21,78.40
10:28:25,29.22,78.41
10:28:30,29.21,78.47
10:28:35,29.23,78.51
10:28:40,29.21,78.56
10:28:45,29.20,78.74
10:28:50,29.21,78.95
10:28:55,29.21,79.09
10:29:00,29.21,79.14
10:29:05,29.22,79.14
10:29:10,29.21,79.07
10:29:15,29.22,78.97
10:29:20,29.22,78.96
10:29:25,29.23,78.90
10:29:30,29.25,78.89
10:29:35,29.25,78.89
10:29:40,29.22,78.80
10:29:45,29.25,78.72
10:29:50,29.24,78.63
10:29:55,29.25,78.67
10:30:00,29.25,78.77
10:30:05,29.22,78.82
10:30:10,29.23,78.83
10:30:15,29.24,78.81
10:30:20,29.24,78.74
10:30:25,29.24,78.62
10:30:30,29.25,78.46
10:30:35,29.25,78.43
10:30:40,29.26,78.43
10:30:45,29.25,78.39
10:30:50,29.25,78.34
10:30:55,29.25,78.37
10:31:00,29.25,78.32
10:31:05,29.23,78.31
10:31:10,29.23,78.32
10:31:15,29.23,78.35
10:31:20,29.24,78.34
10:31:25,29.22,78.39
10:31:30,29.24,78.50
10:31:35,29.24,78.62
10:31:40,29.25,78.68
10:31:45,29.24,78.75
10:31:50,29.26,78.75
10:31:55,29.24,78.78
10:32:00,29.24,78.72
10:32:05,29.25,78.84
10:32:10,29.24,78.64
10:32:15,29.26,78.52
10:32:20,29.28,78.47
10:32:25,29.27,78.42
10:32:30,29.27,78.40
10:32:35,29.26,78.42
10:32:40,29.25,78.51
10:32:45,29.26,78.62
10:32:50,29.26,78.70
10:32:55,29.26,78.82
10:33:00,29.26,78.94
10:33:05,29.25,79.22
10:33:10,29.25,79.24
10:33:15,29.29,79.14
10:33:20,29.28,78.98
10:33:25,29.27,78.89
10:33:30,29.27,78.91
10:33:35,29.26,79.02
10:33:40,29.26,79.16
10:33:45,29.29,79.25
10:33:50,29.26,79.28
10:33:55,29.27,79.56
10:34:00,29.30,79.70
10:34:05,29.26,79.66
10:34:10,29.27,79.63
10:34:15,29.27,79.55
10:34:20,29.27,79.56
10:34:25,29.29,79.58
10:34:30,29.29,79.56
10:34:35,29.28,79.44
10:34:40,29.30,79.36
10:34:45,29.29,79.32
10:34:51,29.29,79.36
10:34:55,29.29,79.44
10:35:00,29.29,79.49
10:35:05,29.31,79.71
10:35:10,29.28,79.89
10:35:15,29.29,79.93
10:35:20,29.30,79.87
10:35:25,29.29,79.80
10:35:31,29.30,79.77
10:35:35,29.29,79.71
10:35:40,29.30,79.65
10:35:46,29.30,79.65
10:35:50,29.30,79.59
10:35:56,29.29,79.54
10:36:00,29.30,79.46
10:36:06,29.31,79.38
10:36:11,29.30,79.34
10:36:15,29.29,79.28
10:36:21,29.29,79.27
10:36:26,29.30,79.27
10:36:31,29.32,79.24
10:36:36,29.31,79.20
10:36:41,29.30,79.15
10:36:46,29.30,79.13
10:36:51,29.28,79.09
10:36:56,29.30,79.12
10:37:01,29.29,79.12
10:37:06,29.28,79.10
10:37:11,29.30,79.09
10:37:16,29.32,79.08
10:37:21,29.29,79.05
10:37:26,29.29,79.07
10:37:31,29.29,79.11
10:37:36,29.29,79.12
10:37:41,29.30,79.08
10:37:46,29.29,79.08
10:37:51,29.30,79.09
10:37:56,29.28,79.03
10:38:01,29.27,79.02
10:38:06,29.28,79.04
10:38:11,29.29,79.02
10:38:16,29.30,79.04
10:38:21,29.27,79.06
10:38:26,29.30,79.00
10:38:31,29.30,78.99
10:38:36,29.28,79.01
10:38:41,29.28,79.02
10:38:46,29.29,79.04
10:38:51,29.27,79.05
10:38:56,29.27,79.03
10:39:01,29.28,78.99
10:39:06,29.29,79.03
10:39:11,29.27,79.00
10:39:16,29.26,78.93
10:39:21,29.26,78.78
10:39:26,29.29,78.73
10:39:31,29.28,78.65
10:39:36,29.27,78.62
10:39:41,29.28,78.59
10:39:46,29.28,78.61
10:39:51,29.27,78.61
10:39:56,29.27,78.58
10:40:01,29.28,78.56
10:40:06,29.27,78.58
10:40:11,29.29,78.66
10:40:16,29.28,78.67
10:40:21,29.27,78.76
10:40:26,29.28,78.80
10:40:31,29.27,78.78
10:40:36,29.26,78.71
10:40:41,29.28,78.71
10:40:46,29.27,78.73
10:40:51,29.27,78.77
10:40:56,29.30,78.81
10:41:01,29.27,78.77
10:41:06,29.27,78.75
10:41:11,29.29,78.72
10:41:16,29.28,78.73
10:41:21,29.28,78.74
10:41:26,29.28,78.66
10:41:31,29.28,78.70
10:41:36,29.28,78.75
10:41:41,29.27,78.76
10:41:46,29.26,78.74
10:41:51,29.26,78.73
10:41:56,29.27,78.70
10:42:01,29.27,78.73
10:42:06,29.28,78.81
10:42:11,29.28,78.86
10:42:16,29.27,78.86
10:42:21,29.26,78.84
10:42:26,29.26,78.83
10:42:31,29.26,78.78
10:42:36,29.27,78.80
10:42:41,29.27,78.80
10:42:46,29.27,78.83
10:42:51,29.29,78.78
10:42:56,29.26,78.72
10:43:01,29.29,78.73
10:43:06,29.29,78.69
10:43:11,29.28,78.69
10:43:17,29.28,78.65
10:43:21,29.27,78.59
10:43:26,29.27,78.54
10:43:31,29.26,78.50
10:43:36,29.24,78.50
10:43:41,29.27,78.52
10:43:46,29.25,78.51
10:43:51,29.27,78.53
10:43:56,29.25,78.56
10:44:01,29.28,78.55
10:44:07,29.28,78.55
10:44:11,29.27,78.52
10:44:17,29.27,78.48
10:44:21,29.26,78.45
10:44:26,29.27,78.38
10:44:32,29.26,78.37
10:44:37,29.26,78.34
10:44:42,29.26,78.38
10:44:47,29.26,78.43
10:44:52,29.26,78.55
10:44:56,29.25,78.66
10:45:02,29.25,78.75
10:45:07,29.28,78.79
10:45:12,29.26,78.77
10:45:17,29.28,78.69
10:45:22,29.27,78.60
10:45:27,29.27,78.46
10:45:32,29.28,78.43
10:45:37,29.26,78.39
10:45:42,29.26,78.39
10:45:47,29.26,78.39
10:45:52,29.25,78.40
10:45:57,29.26,78.38
10:46:02,29.26,78.42
10:46:07,29.26,78.51
10:46:12,29.25,78.53
10:46:17,29.25,78.53
10:46:22,29.26,78.53
10:46:27,29.26,78.47
10:46:32,29.28,78.75
10:46:37,29.25,78.90
10:46:42,29.26,78.83
10:46:47,29.26,78.98
10:46:52,29.24,79.19
10:46:57,29.26,79.25
10:47:02,29.27,79.37
10:47:07,29.27,79.48
10:47:12,29.24,79.59
10:47:17,29.27,79.56
10:47:22,29.26,79.44
10:47:27,29.26,79.33
10:47:32,29.28,79.32
10:47:37,29.27,79.31
10:47:42,29.26,79.35
10:47:47,29.27,79.47
10:47:52,29.29,79.64
10:47:57,29.25,80.15
10:48:02,29.29,80.39
10:48:07,29.28,80.27
10:48:12,29.28,80.15
10:48:17,29.28,80.20
10:48:22,29.28,80.14
10:48:27,29.29,80.22
10:48:32,29.29,80.02
10:48:37,29.28,80.39
10:48:42,29.28,80.73
10:48:47,29.27,81.24
10:48:52,29.29,80.98
10:48:57,29.28,80.43
10:49:02,29.30,80.02
10:49:07,29.29,79.70
10:49:12,29.28,79.56
10:49:17,29.28,79.47
10:49:22,29.27,79.53
10:49:27,29.30,79.60
10:49:32,29.29,79.52
10:49:37,29.29,79.59
10:49:42,29.29,80.03
10:49:47,29.29,80.57
10:49:52,29.30,80.42
10:49:57,29.29,80.22
10:50:02,29.29,79.89
10:50:07,29.28,79.70
10:50:12,29.29,79.62
10:50:17,29.30,79.60
10:50:22,29.27,79.82
10:50:27,29.28,80.00
10:50:32,29.27,79.89
10:50:37,29.29,79.80
10:50:42,29.29,80.03
10:50:47,29.29,80.40
10:50:52,29.29,80.25
10:50:57,29.29,80.11
10:51:02,29.29,80.05
10:51:07,29.27,80.20
10:51:12,29.27,80.30
10:51:17,29.29,80.84
10:51:22,29.29,81.49
10:51:27,29.30,82.20
10:51:32,29.33,81.90
10:51:37,29.31,81.58
10:51:42,29.30,81.47
10:51:47,29.33,81.24
10:51:52,29.32,81.40
10:51:57,29.32,81.66
10:52:02,29.33,81.80
10:52:07,29.31,81.94
10:52:12,29.34,81.37
10:52:17,29.35,80.94
10:52:22,29.35,80.41
10:52:27,29.33,80.33
10:52:32,29.34,80.64
10:52:37,29.34,80.61
10:52:42,29.35,80.96
10:52:47,29.35,80.95
10:52:52,29.34,80.99
10:52:57,29.37,80.88
10:53:02,29.36,80.74
10:53:07,29.36,80.68
10:53:12,29.34,80.50
10:53:17,29.34,80.37
10:53:22,29.36,80.29
10:53:27,29.37,80.29
10:53:33,29.35,80.28
10:53:37,29.37,80.20
10:53:42,29.36,80.33
10:53:48,29.37,80.33
10:53:52,29.36,80.26
10:53:58,29.38,80.18
10:54:02,29.39,80.11
10:54:08,29.37,80.02
10:54:12,29.40,79.88
10:54:18,29.38,79.87
10:54:22,29.40,80.26
10:54:28,29.40,80.59
10:54:32,29.40,80.77
10:54:38,29.41,81.12
10:54:43,29.40,81.17
10:54:48,29.40,81.40
10:54:53,29.39,81.42
10:54:58,29.43,81.06
10:55:03,29.42,80.56
10:55:08,29.41,80.25
10:55:13,29.41,80.13
10:55:18,29.42,80.09
10:55:23,29.41,79.96
10:55:28,29.41,79.78
10:55:33,29.42,79.64
10:55:38,29.43,79.52
10:55:43,29.42,79.47
10:55:48,29.43,79.29
10:55:53,29.44,79.03
10:55:58,29.42,79.19
10:56:03,29.42,79.93
10:56:08,29.42,80.36
10:56:13,29.44,80.09
10:56:18,29.42,79.75
10:56:23,29.44,79.33
10:56:28,29.42,79.02
10:56:33,29.42,79.00
10:56:38,29.44,79.01
10:56:43,29.44,78.98
